player_id,bat_matches,bat_innings,bat_runs,bat_highest,bat_average,bat_strike_rate,bat_100s,bat_50s,bat_4s,bat_6s,bowl_matches,bowl_innings,bowl_wickets,bowl_average,bowl_economy,bowl_best,catches,run_outs,stumpings,source
PLY0001,160,158,4967,109,33.11,142.3,2,35,520,190,0,0,0,0,0,0/0,65,12,0,curated
PLY0002,365,362,12871,100,36.22,139.5,1,103,1385,460,25,10,8,42.5,8.2,2/15,120,18,0,curated
PLY0003,380,370,11231,95,35.12,130.8,0,78,1020,285,15,5,3,55.0,7.8,1/12,155,15,0,curated
PLY0004,320,318,9351,112,30.85,142.1,3,55,980,395,8,3,2,48.0,8.5,1/18,110,14,0,curated
PLY0005,340,338,10280,138,32.65,136.8,5,62,1105,380,0,0,0,0,0,0/0,185,10,120,curated
PLY0006,510,475,11389,117,29.5,171.2,3,52,780,685,420,265,418,21.8,8.9,5/15,230,22,0,curated
PLY0007,285,240,4860,89,22.65,139.8,0,22,410,180,270,268,348,22.5,8.1,5/10,105,15,0,curated
PLY0008,440,420,8950,84,27.45,132.6,0,45,720,210,430,425,528,24.2,6.8,5/20,190,18,0,curated
PLY0009,365,180,1650,34,12.35,125.4,0,0,145,52,365,362,498,20.8,7.9,5/18,85,12,0,curated
PLY0010,330,165,1480,32,11.85,120.6,0,0,125,45,330,328,465,19.5,7.6,6/16,78,10,0,curated
PLY0011,355,350,9880,108,31.65,138.4,2,68,890,370,45,25,32,38.5,8.4,3/22,130,16,0,curated
PLY0012,290,288,8750,117,32.2,148.5,3,58,820,355,0,0,0,0,0,0/0,115,14,85,curated
PLY0013,410,395,10980,112,30.45,135.6,2,62,950,400,85,40,48,35.2,7.8,3/18,165,20,0,curated
PLY0014,375,370,10450,106,31.8,145.2,1,72,920,420,12,5,4,45.0,8.0,1/20,140,18,0,curated
PLY0015,420,415,10820,100,30.25,141.8,1,65,960,385,55,30,38,32.5,7.2,4/22,175,22,0,curated
PLY0016,310,305,9150,101,31.5,138.8,1,55,840,340,0,0,0,0,0,0/0,120,15,70,curated
PLY0017,280,275,8450,96,30.85,136.2,0,48,780,320,30,18,22,36.5,8.2,2/15,100,12,0,curated
PLY0018,385,380,10250,93,29.65,133.5,0,58,910,360,95,50,58,28.5,7.5,4/20,155,18,0,curated
PLY0019,350,175,1850,42,13.25,128.4,0,0,160,55,350,345,420,22.8,8.0,5/12,75,8,0,curated
PLY0020,395,388,9680,118,29.42,143.2,2,52,875,375,12,6,5,42.0,7.8,2/18,148,16,0,curated
PLY0021,310,305,8550,99,29.85,137.5,0,42,760,310,0,0,0,0,0,0/0,110,13,0,curated
PLY0022,280,275,8200,94,30.15,134.8,0,40,720,295,0,0,0,0,0,0/0,95,11,0,curated
PLY0023,340,335,9350,105,29.5,139.2,1,50,850,345,0,0,0,0,0,0/0,125,15,0,curated
PLY0024,295,290,8100,88,29.25,135.6,0,38,700,285,0,0,0,0,0,0/0,100,12,0,curated
PLY0025,270,265,7850,102,28.65,142.8,1,35,695,310,0,0,0,0,0,0/0,90,10,0,curated
PLY0026,365,360,9750,95,29.1,136.4,0,52,880,355,0,0,0,0,0,0/0,140,17,0,curated
PLY0027,320,315,8650,97,28.95,138.8,0,44,770,330,50,28,35,30.5,7.5,4/18,115,14,0,curated
PLY0028,260,255,7500,91,28.5,133.2,0,32,660,275,25,15,18,35.8,8.2,2/20,85,10,0,curated
PLY0029,340,335,8950,103,29.35,140.5,1,48,810,340,0,0,0,0,0,0/0,130,16,0,curated
PLY0030,290,285,8200,89,29.8,135.8,0,38,730,300,0,0,0,0,0,0/0,105,12,0,curated
PLY0031,310,155,1350,28,10.8,122.5,0,0,110,42,310,308,445,19.2,7.4,6/14,70,8,0,curated
PLY0032,330,165,1420,30,11.5,118.4,0,0,118,38,330,325,405,21.5,7.8,5/16,65,7,0,curated
PLY0033,380,375,9250,100,30.15,137.4,0,55,840,350,65,35,42,28.8,7.2,4/15,150,18,0,curated
PLY0034,305,300,8500,94,29.5,134.2,0,42,760,305,0,0,0,0,0,0/0,108,13,0,curated
PLY0035,350,175,1680,38,12.65,126.8,0,0,142,48,350,345,410,22.2,8.0,5/15,72,9,0,curated
PLY0036,275,270,7800,96,28.85,136.5,0,35,680,290,0,0,0,0,0,0/0,92,11,0,curated
PLY0037,315,310,8150,88,28.65,133.8,0,38,720,295,40,22,28,34.2,8.5,3/20,100,12,0,curated
PLY0038,290,285,7650,92,28.2,135.2,0,33,665,280,35,20,25,35.5,8.0,3/18,88,10,0,curated
PLY0039,340,170,1520,35,11.85,124.2,0,0,128,42,340,335,430,20.5,7.5,5/18,68,8,0,curated
PLY0040,285,145,1380,32,11.45,121.8,0,0,115,40,285,280,380,19.8,7.2,6/12,60,7,0,curated
PLY0041,175,150,3978,73,26.52,120.92,2,9,455,296,0,0,0,0,0,0/0,56,9,0,curated
PLY0042,128,101,2330,54,23.07,114.45,1,5,231,138,0,0,0,0,0,0/0,31,5,0,curated
PLY0043,120,93,2093,51,22.51,113.39,1,5,202,118,0,0,0,0,0,0/0,28,4,0,curated
PLY0044,248,240,7641,109,31.84,130.89,5,18,1054,748,0,0,0,0,0,0/0,109,19,0,curated
PLY0045,249,241,7688,110,31.9,131.0,5,18,1062,755,0,0,0,0,0,0/0,109,19,0,curated
PLY0046,230,217,6628,100,30.55,128.46,4,16,876,611,0,0,0,0,0,0/0,94,16,0,curated
PLY0047,90,65,1320,40,20.32,109.28,0,3,115,62,0,0,0,0,0,0/0,16,2,2,curated
PLY0048,107,81,1746,46,21.56,111.61,1,4,161,91,0,0,0,0,0,0/0,22,3,3,curated
PLY0049,187,164,4496,79,27.41,122.59,3,10,532,352,0,0,0,0,0,0/0,63,10,10,curated
PLY0050,142,115,2770,59,24.1,116.37,1,6,287,176,0,0,0,0,0,0/0,38,6,6,curated
PLY0051,168,142,3691,70,26.0,119.93,2,8,414,266,0,0,0,0,0,0/0,52,8,8,curated
PLY0052,148,121,2974,62,24.58,117.28,2,7,315,196,0,0,0,0,0,0/0,41,6,6,curated
PLY0053,215,197,4597,73,23.34,118.74,3,11,585,401,215,188,47,20.66,8.01,5/29,83,14,0,curated
PLY0054,94,69,1422,42,20.62,109.85,1,3,125,68,94,61,9,16.26,6.52,2/13,18,2,0,curated
PLY0055,100,74,1262,35,17.06,105.66,0,3,113,63,100,66,10,16.47,6.6,2/14,20,3,0,curated
PLY0056,103,77,1636,45,21.25,111.03,1,3,149,83,103,68,9,16.89,7.63,2/14,21,3,0,curated
PLY0057,88,64,1050,32,16.42,104.32,0,2,90,48,88,56,7,16.23,7.45,2/12,16,2,0,curated
PLY0058,158,132,2673,53,20.26,112.33,1,6,291,184,158,121,22,19.43,8.32,3/22,46,7,0,curated
PLY0059,122,95,719,17,7.58,108.74,0,1,70,41,122,85,13,17.78,7.87,3/17,28,4,0,curated
PLY0060,141,120,969,22,8.08,116.64,0,1,109,71,141,111,21,16.48,8.48,4/23,44,7,0,curated
PLY0061,85,64,354,11,5.54,105.73,0,0,32,18,85,56,8,13.94,7.64,2/14,17,2,0,curated
PLY0062,131,109,831,20,7.63,114.7,0,1,90,57,131,101,18,16.03,8.33,3/22,38,6,0,curated
PLY0063,176,161,1559,30,9.69,123.52,0,3,198,135,176,153,33,18.09,9.0,5/29,67,11,0,curated
PLY0064,174,159,1523,29,9.58,123.06,0,3,192,131,174,151,33,17.98,8.97,5/29,66,11,0,curated
PLY0065,64,45,206,8,4.58,101.64,0,0,17,8,64,39,5,12.91,6.33,2/11,10,1,0,curated
PLY0066,167,150,1389,28,9.26,121.69,0,2,171,115,167,142,34,16.65,7.86,4/28,61,10,0,curated
PLY0067,94,72,426,13,5.93,107.41,0,0,40,23,94,64,11,13.98,6.77,2/16,21,3,0,curated
PLY0068,56,39,164,7,4.21,100.03,0,0,13,6,56,33,4,12.6,6.2,2/10,8,1,0,curated
PLY0069,151,132,1129,24,8.56,118.67,0,2,132,87,151,123,27,16.08,7.63,4/25,50,8,0,curated
PLY0070,95,73,437,13,5.99,107.68,0,0,41,24,95,65,11,14.03,6.79,3/16,21,3,0,curated
PLY0071,91,66,1346,41,20.4,109.43,0,3,117,63,0,0,0,0,0,0/0,17,2,0,curated
PLY0072,184,160,4349,77,27.18,122.16,3,10,510,336,0,0,0,0,0,0/0,62,10,0,curated
PLY0073,178,154,4116,74,26.73,121.31,2,9,475,310,0,0,0,0,0,0/0,58,9,0,curated
PLY0074,177,152,4052,74,26.66,121.17,2,9,466,304,0,0,0,0,0,0/0,57,9,0,curated
PLY0075,131,104,2428,55,23.35,114.96,1,5,244,146,0,0,0,0,0,0/0,33,5,0,curated
PLY0076,117,94,1867,49,19.87,95.88,1,3,194,119,0,0,0,0,0,0/0,31,5,0,curated
PLY0077,121,99,1997,50,20.18,96.46,1,3,210,130,0,0,0,0,0,0/0,33,5,5,curated
PLY0078,117,94,1867,49,19.86,95.87,1,3,194,119,0,0,0,0,0,0/0,31,5,5,curated
PLY0079,141,120,2590,59,21.59,99.1,1,5,293,189,0,0,0,0,0,0/0,44,7,7,curated
PLY0080,104,81,1531,44,18.91,94.09,0,3,151,90,0,0,0,0,0,0/0,25,4,4,curated
PLY0081,190,179,4505,82,25.17,105.82,2,9,596,416,0,0,0,0,0,0/0,78,13,13,curated
PLY0082,104,81,1533,44,18.93,94.12,0,3,151,90,0,0,0,0,0,0/0,25,4,4,curated
PLY0083,135,113,2390,56,21.16,98.3,1,4,264,169,135,105,19,16.2,8.38,4/22,41,6,0,curated
PLY0084,186,174,4325,80,24.86,105.23,2,8,565,392,186,166,33,21.09,8.94,5/31,75,13,0,curated
PLY0085,86,65,928,30,14.28,87.51,0,1,85,48,86,57,8,14.0,7.66,2/15,18,2,0,curated
PLY0086,179,165,4023,77,24.38,104.34,2,8,515,354,179,157,39,17.09,8.04,5/30,69,12,0,curated
PLY0087,108,85,1634,45,19.22,94.67,0,3,164,98,108,77,14,14.51,6.99,3/18,27,4,0,curated
PLY0088,207,201,4189,72,20.85,101.18,2,8,581,414,207,195,54,18.1,8.46,5/34,92,16,0,curated
PLY0089,207,202,2241,38,11.1,129.56,1,4,311,222,207,195,48,19.5,9.47,5/34,92,16,0,curated
PLY0090,78,57,297,10,5.22,104.37,0,0,26,14,78,50,6,13.62,7.53,2/13,15,2,0,curated
PLY0091,183,170,1702,32,10.02,124.93,0,3,221,152,183,163,37,18.42,9.11,5/30,73,12,0,curated
PLY0092,179,165,1617,30,9.8,124.01,0,3,207,142,179,157,35,18.2,9.04,5/30,69,12,0,curated
PLY0093,163,145,1317,27,9.09,120.94,0,2,160,107,163,137,28,17.49,8.81,4/27,58,10,0,curated
PLY0094,167,150,1390,28,9.27,121.73,0,2,171,115,167,142,30,17.67,8.87,4/28,61,10,0,curated
PLY0095,155,136,1188,25,8.74,119.45,0,2,141,93,155,128,29,16.23,7.69,4/26,53,9,0,curated
PLY0096,116,93,646,17,6.95,111.8,0,1,66,41,116,85,16,14.8,7.1,3/19,31,5,0,curated
PLY0097,104,81,518,14,6.4,109.42,0,1,51,30,104,73,13,14.36,6.92,3/17,25,4,0,curated
PLY0098,176,161,1557,30,9.67,123.45,0,3,197,135,176,153,38,16.98,8.0,5/29,67,11,0,curated
PLY0099,87,65,366,12,5.63,106.15,0,0,33,19,87,58,9,13.75,6.67,2/15,18,2,0,curated
PLY0100,200,192,2066,36,10.76,128.13,1,4,281,198,200,185,50,17.85,8.36,5/33,86,15,0,curated
PLY0101,64,45,719,30,16.0,88.62,0,1,59,31,0,0,0,0,0,0/0,10,1,0,curated
PLY0102,106,83,1583,44,19.08,94.39,0,3,157,94,0,0,0,0,0,0/0,26,4,0,curated
PLY0103,134,112,2363,56,21.1,98.19,1,4,261,166,0,0,0,0,0,0/0,40,6,0,curated
PLY0104,117,95,1891,49,19.91,95.95,1,3,196,121,0,0,0,0,0,0/0,31,5,0,curated
PLY0105,102,79,1481,43,18.76,93.8,0,2,145,85,0,0,0,0,0,0/0,24,3,0,curated
PLY0106,84,63,1099,36,17.46,91.36,0,2,100,56,0,0,0,0,0,0/0,17,2,0,curated
PLY0107,59,41,640,28,15.62,87.92,0,1,51,26,0,0,0,0,0,0/0,9,1,1,curated
PLY0108,185,173,4298,80,24.85,105.21,2,8,561,389,0,0,0,0,0,0/0,74,13,13,curated
PLY0109,69,49,802,31,16.37,89.33,0,1,68,36,0,0,0,0,0,0/0,12,1,1,curated
PLY0110,62,44,697,29,15.86,88.35,0,1,57,29,0,0,0,0,0,0/0,10,1,1,curated
PLY0111,67,48,778,31,16.22,89.03,0,1,65,34,0,0,0,0,0,0/0,11,1,1,curated
PLY0112,158,139,3173,66,22.83,101.43,1,6,380,253,0,0,0,0,0,0/0,55,9,9,curated
PLY0113,201,193,5010,88,25.96,107.3,2,10,684,483,201,186,50,17.88,8.37,5/33,86,15,0,curated
PLY0114,162,144,3328,68,23.11,101.96,1,6,403,270,162,136,32,16.46,7.78,4/27,57,9,0,curated
PLY0115,73,53,882,33,16.65,89.84,0,1,76,41,73,46,6,13.38,7.46,2/12,13,1,0,curated
PLY0116,111,88,1708,46,19.41,95.03,0,3,173,105,111,80,13,15.11,8.02,3/18,28,4,0,curated
PLY0117,147,127,2234,49,17.6,94.41,1,4,258,169,147,118,23,16.76,8.57,4/24,48,8,0,curated
PLY0118,114,91,1436,38,15.79,90.64,0,2,147,90,114,83,14,15.26,8.07,3/19,30,4,0,curated
PLY0119,98,76,465,13,6.12,108.24,0,0,44,26,98,68,10,14.52,7.83,3/16,22,3,0,curated
PLY0120,106,84,547,15,6.51,109.92,0,1,54,32,106,75,12,14.91,7.96,3/18,26,4,0,curated
PLY0121,88,66,376,12,5.7,106.42,0,0,34,19,88,59,8,14.1,7.69,2/15,18,2,0,curated
PLY0122,70,50,243,9,4.87,102.86,0,0,20,11,70,44,5,13.27,7.42,2/12,12,1,0,curated
PLY0123,199,191,2044,36,10.7,127.87,1,4,277,195,199,184,44,19.1,9.34,5/33,85,15,0,curated
PLY0124,65,46,212,8,4.62,101.79,0,0,17,9,65,40,5,13.02,7.34,2/11,10,1,0,curated
PLY0125,65,46,212,8,4.61,101.77,0,0,17,9,65,40,5,12.93,6.34,2/11,10,1,0,curated
PLY0126,94,72,429,13,5.97,107.57,0,0,40,23,94,64,11,14.01,6.78,3/16,21,3,0,curated
PLY0127,76,56,287,10,5.13,103.97,0,0,25,13,76,49,7,13.34,6.5,2/13,14,2,0,curated
PLY0128,170,154,1445,28,9.38,122.22,0,2,179,122,170,146,35,16.75,7.9,4/28,63,10,0,curated
PLY0129,185,173,1746,32,10.1,125.27,1,3,227,158,185,165,42,17.32,8.14,5/31,74,13,0,curated
PLY0130,102,80,505,14,6.32,109.07,0,1,49,29,102,71,12,14.29,6.9,3/17,24,3,0,curated
PLY0131,186,174,4328,80,24.88,105.27,2,8,566,392,0,0,0,0,0,0/0,75,13,0,curated
PLY0132,141,120,2594,59,21.62,99.17,1,5,294,190,0,0,0,0,0,0/0,44,7,0,curated
PLY0133,188,176,4408,81,25.05,105.6,2,8,580,404,0,0,0,0,0,0/0,76,13,0,curated
PLY0134,127,105,2162,53,20.59,97.23,1,4,233,146,0,0,0,0,0,0/0,36,6,0,curated
PLY0135,67,48,778,31,16.22,89.03,0,1,65,34,0,0,0,0,0,0/0,11,1,0,curated
PLY0136,202,195,5076,88,26.03,107.44,2,10,695,492,0,0,0,0,0,0/0,87,15,0,curated
PLY0137,68,49,798,31,16.29,89.17,0,1,67,35,0,0,0,0,0,0/0,11,1,1,curated
PLY0138,123,101,2050,51,20.3,96.69,1,4,217,135,0,0,0,0,0,0/0,34,5,5,curated
PLY0139,174,159,3817,74,24.01,103.64,2,7,481,328,0,0,0,0,0,0/0,66,11,11,curated
PLY0140,90,68,1216,38,17.9,92.18,0,2,113,64,0,0,0,0,0,0/0,19,3,3,curated
PLY0141,144,124,2708,60,21.85,99.59,1,5,310,201,0,0,0,0,0,0/0,46,7,7,curated
PLY0142,180,166,4064,77,24.49,104.54,2,8,522,360,0,0,0,0,0,0/0,70,12,12,curated
PLY0143,183,170,4198,79,24.69,104.93,2,8,544,376,183,162,32,20.97,8.91,5/30,73,12,0,curated
PLY0144,127,105,2160,53,20.57,97.2,1,4,232,146,127,96,14,17.88,8.29,3/21,36,6,0,curated
PLY0145,102,80,1503,43,18.79,93.86,0,3,147,87,102,72,9,16.54,8.01,3/17,24,3,0,curated
PLY0146,165,148,2747,55,18.56,96.42,1,5,336,226,165,140,29,17.57,8.83,4/27,59,10,0,curated
PLY0147,147,127,2798,61,22.03,99.94,1,5,323,211,147,118,26,15.92,7.56,4/24,48,8,0,curated
PLY0148,201,193,3964,69,20.54,100.54,2,7,541,383,201,187,50,17.89,8.37,5/33,87,15,0,curated
PLY0149,140,119,957,21,8.04,116.47,0,1,108,69,140,110,21,16.44,8.46,4/23,44,7,0,curated
PLY0150,80,59,313,11,5.32,104.8,0,0,28,15,80,52,7,13.72,7.57,2/13,15,2,0,curated
PLY0151,91,69,400,12,5.8,106.86,0,0,37,21,91,61,9,14.2,7.73,2/15,19,3,0,curated
PLY0152,197,188,1995,35,10.61,127.49,1,3,269,189,197,181,43,19.01,9.31,5/32,83,14,0,curated
PLY0153,159,141,1257,26,8.92,120.21,0,2,151,101,159,132,27,17.32,8.75,4/26,55,9,0,curated
PLY0154,57,40,170,7,4.27,100.28,0,0,13,6,57,34,4,12.67,7.22,2/10,8,1,0,curated
PLY0155,188,176,1796,33,10.21,125.74,1,3,236,164,188,169,43,17.4,8.17,5/31,76,13,0,curated
PLY0156,157,138,1216,25,8.82,119.78,0,2,145,96,157,130,30,16.29,7.72,4/26,54,9,0,curated
PLY0157,63,46,192,8,4.17,104.77,0,0,17,9,63,41,6,10.6,6.57,2/13,12,1,0,curated
PLY0158,104,87,526,16,6.05,115.02,0,0,57,36,104,80,16,12.1,7.35,4/22,31,5,0,curated
PLY0159,162,157,1366,30,8.7,129.48,0,2,189,135,162,152,42,14.22,8.46,5/34,72,12,0,curated
PLY0160,144,134,1051,25,7.85,124.8,0,1,136,94,144,128,32,13.54,8.1,5/30,57,10,0,curated
PLY0161,148,128,2829,62,22.11,100.08,1,5,327,214,0,0,0,0,0,0/0,48,8,0,curated
PLY0162,99,77,1427,42,18.54,93.38,0,2,138,81,0,0,0,0,0,0/0,23,3,0,curated
PLY0163,61,43,678,29,15.78,88.21,0,1,55,28,0,0,0,0,0,0/0,9,1,0,curated
PLY0164,58,40,622,28,15.57,87.81,0,1,50,25,0,0,0,0,0,0/0,8,1,0,curated
PLY0165,94,72,1310,40,18.21,92.76,0,2,124,72,0,0,0,0,0,0/0,21,3,0,curated
PLY0166,123,101,2054,51,20.34,96.76,1,4,218,136,0,0,0,0,0,0/0,34,5,0,curated
PLY0167,128,106,2189,53,20.66,97.36,1,4,236,149,0,0,0,0,0,0/0,37,6,6,curated
PLY0168,124,102,2081,52,20.4,96.88,1,4,222,139,0,0,0,0,0,0/0,35,5,5,curated
PLY0169,194,184,4685,84,25.47,106.37,2,9,627,440,0,0,0,0,0,0/0,81,14,14,curated
PLY0170,147,127,2798,61,22.04,99.95,1,5,323,211,0,0,0,0,0,0/0,48,8,8,curated
PLY0171,115,92,1815,48,19.73,95.62,1,3,187,114,0,0,0,0,0,0/0,30,4,4,curated
PLY0172,125,103,2105,52,20.44,96.96,1,4,225,141,0,0,0,0,0,0/0,35,5,5,curated
PLY0173,111,88,1711,46,19.45,95.1,0,3,174,105,111,80,15,14.63,7.03,3/19,28,4,0,curated
PLY0174,121,99,1994,50,20.14,96.39,1,3,210,130,121,90,17,14.97,7.17,3/20,33,5,0,curated
PLY0175,64,45,588,24,13.08,85.0,0,1,49,25,64,39,5,12.92,6.33,2/11,10,1,0,curated
PLY0176,112,89,1733,47,19.48,95.14,1,3,176,107,112,81,11,17.06,8.12,3/19,29,4,0,curated
PLY0177,166,149,2779,56,18.65,96.61,1,5,342,231,166,141,30,17.64,8.86,4/28,60,10,0,curated
PLY0178,105,82,1252,35,15.28,89.58,0,2,124,74,105,74,11,14.83,7.93,3/17,25,4,0,curated
PLY0179,143,122,1000,22,8.2,117.14,0,2,114,74,143,114,22,16.6,8.51,4/24,45,7,0,curated
PLY0180,99,77,475,14,6.17,108.46,0,0,46,27,99,69,10,14.57,7.85,3/17,23,3,0,curated
PLY0181,145,125,1035,23,8.29,117.51,0,2,119,77,145,116,22,16.69,8.54,4/24,47,7,0,curated
PLY0182,106,89,547,16,6.15,115.57,0,0,60,38,106,82,15,12.75,8.39,4/22,32,5,0,curated
PLY0183,63,46,193,8,4.2,104.89,0,0,17,9,63,41,5,10.8,7.57,2/14,12,1,0,curated
PLY0184,130,116,838,21,7.23,121.42,0,1,102,69,130,110,23,13.83,8.84,4/27,47,8,0,curated
PLY0185,120,105,713,19,6.79,119.04,0,1,84,55,120,98,22,12.69,7.66,4/25,40,6,0,curated
PLY0186,161,156,1351,29,8.66,129.24,0,2,187,133,161,151,41,14.19,8.44,5/34,71,12,0,curated
PLY0187,51,36,131,6,3.66,101.94,0,0,10,5,51,31,4,10.19,6.35,2/11,8,1,0,curated
PLY0188,50,35,126,6,3.6,101.65,0,0,10,5,50,30,4,10.14,6.33,2/11,8,1,0,curated
PLY0189,49,34,120,6,3.55,101.34,0,0,9,5,49,30,4,10.1,6.3,2/11,8,1,0,curated
PLY0190,78,60,292,11,4.88,108.6,0,0,28,16,78,54,9,11.16,6.86,3/17,18,2,0,curated
PLY0191,148,128,2836,62,22.16,100.17,1,5,329,216,0,0,0,0,0,0/0,48,8,0,curated
PLY0192,56,39,601,27,15.42,87.54,0,1,48,24,0,0,0,0,0,0/0,8,1,0,curated
PLY0193,121,99,1993,50,20.14,96.39,1,3,210,130,0,0,0,0,0,0/0,33,5,0,curated
PLY0194,114,91,1790,48,19.68,95.52,1,3,184,112,0,0,0,0,0,0/0,30,4,0,curated
PLY0195,196,187,4789,85,25.61,106.65,2,9,645,453,0,0,0,0,0,0/0,83,14,0,curated
PLY0196,109,86,1661,46,19.32,94.84,0,3,167,101,0,0,0,0,0,0/0,27,4,0,curated
PLY0197,98,76,1406,42,18.5,93.32,0,2,135,79,0,0,0,0,0,0/0,22,3,3,curated
PLY0198,176,161,3885,75,24.13,103.88,2,7,492,337,0,0,0,0,0,0/0,67,11,11,curated
PLY0199,189,178,4467,82,25.1,105.68,2,8,589,410,0,0,0,0,0,0/0,77,13,13,curated
PLY0200,172,156,3724,73,23.88,103.39,2,7,467,318,0,0,0,0,0,0/0,64,11,11,curated
PLY0201,202,195,5083,89,26.07,107.51,2,10,697,493,0,0,0,0,0,0/0,88,15,15,curated
PLY0202,184,171,4226,79,24.71,104.96,2,8,548,379,0,0,0,0,0,0/0,73,12,12,curated
PLY0203,74,54,905,33,16.76,90.05,0,1,79,42,74,47,5,15.02,7.71,2/13,13,2,0,curated
PLY0204,151,131,2925,63,22.33,100.5,1,5,342,225,151,123,24,16.93,8.62,4/25,50,8,0,curated
PLY0205,81,63,753,27,11.97,70.31,0,1,74,44,81,57,9,11.62,7.92,3/17,19,3,0,curated
PLY0206,96,78,995,32,12.76,71.95,0,1,105,65,96,72,12,12.28,8.2,3/20,26,4,0,curated
PLY0207,105,88,1458,44,16.57,77.14,0,2,161,102,105,81,17,12.14,7.37,4/22,31,5,0,curated
PLY0208,121,106,1880,51,17.74,79.32,0,2,222,147,121,99,22,12.72,7.67,4/26,41,7,0,curated
PLY0209,67,50,218,9,4.38,105.86,0,0,19,11,67,44,6,10.98,7.65,2/14,13,2,0,curated
PLY0210,68,51,225,9,4.42,106.11,0,0,20,11,68,45,6,11.02,7.67,2/15,14,2,0,curated
PLY0211,77,59,283,10,4.8,108.19,0,0,27,15,77,53,8,11.4,7.83,3/16,17,2,0,curated
PLY0212,152,144,1184,27,8.23,126.87,0,1,158,110,152,138,32,14.83,9.26,5/32,63,11,0,curated
PLY0213,90,72,388,13,5.4,111.46,0,0,39,24,90,66,11,12.0,8.08,3/19,23,3,0,curated
PLY0214,131,118,857,22,7.27,121.65,0,1,105,71,131,111,23,13.87,8.86,4/28,48,8,0,curated
PLY0215,132,119,869,22,7.31,121.85,0,1,107,72,132,112,27,13.11,7.88,4/28,48,8,0,curated
PLY0216,118,103,690,19,6.7,118.57,0,1,80,53,118,96,21,12.62,7.62,4/25,39,6,0,curated
PLY0217,156,149,1256,28,8.43,127.98,0,1,170,120,156,144,38,14.0,8.35,5/33,67,11,0,curated
PLY0218,78,60,293,11,4.89,108.66,0,0,28,16,78,54,9,11.17,6.86,3/17,18,2,0,curated
PLY0219,141,130,1003,24,7.72,124.1,0,1,128,88,141,124,31,13.44,8.05,5/30,55,9,0,curated
PLY0220,69,52,232,9,4.48,106.42,0,0,21,12,69,46,7,10.84,6.69,2/15,14,2,0,curated
PLY0221,182,169,4156,78,24.59,104.74,2,8,537,370,0,0,0,0,0,0/0,72,12,0,curated
PLY0222,149,129,2861,62,22.18,100.22,1,5,332,218,0,0,0,0,0,0/0,49,8,0,curated
PLY0223,127,113,2057,54,18.2,80.19,0,3,250,167,0,0,0,0,0,0/0,45,7,0,curated
PLY0224,92,74,1155,38,15.61,75.33,0,1,120,73,0,0,0,0,0,0/0,24,4,0,curated
PLY0225,151,143,2846,65,19.91,83.39,1,4,379,265,0,0,0,0,0,0/0,62,11,0,curated
PLY0226,118,103,1806,49,17.54,78.95,0,2,211,139,0,0,0,0,0,0/0,39,6,0,curated
PLY0227,85,67,1013,36,15.12,74.41,0,1,101,61,0,0,0,0,0,0/0,21,3,3,curated
PLY0228,76,58,838,32,14.46,73.18,0,1,80,47,0,0,0,0,0,0/0,17,2,2,curated
PLY0229,145,135,2633,63,19.5,82.63,1,4,343,238,0,0,0,0,0,0/0,58,10,10,curated
PLY0230,117,101,1762,49,17.45,78.77,0,2,205,134,0,0,0,0,0,0/0,38,6,6,curated
PLY0231,49,34,425,23,12.51,69.52,0,0,35,18,0,0,0,0,0,0/0,8,1,1,curated
PLY0232,76,58,837,32,14.44,73.13,0,1,80,46,0,0,0,0,0,0/0,17,2,2,curated
PLY0233,122,107,1905,51,17.81,79.45,0,2,226,150,122,100,23,12.75,7.69,4/26,42,7,0,curated
PLY0234,139,128,2439,59,19.06,81.79,1,3,310,213,139,121,30,13.38,8.02,5/29,53,9,0,curated
PLY0235,84,66,993,35,15.05,74.29,0,1,99,59,84,60,8,13.22,8.07,3/18,21,3,0,curated
PLY0236,142,131,2526,61,19.28,82.22,1,3,325,224,142,125,24,16.39,8.89,5/30,56,9,0,curated
PLY0237,61,45,489,22,10.87,68.02,0,0,43,23,61,39,5,10.71,7.54,2/13,11,1,0,curated
PLY0238,95,77,978,32,12.71,71.86,0,1,103,64,95,71,12,12.24,8.18,3/20,26,4,0,curated
PLY0239,58,42,166,7,3.96,103.59,0,0,14,7,58,37,5,10.56,7.48,2/12,10,1,0,curated
PLY0240,130,117,847,21,7.24,121.52,0,1,104,70,130,110,23,13.84,8.85,4/27,47,8,0,curated
PLY0241,102,85,506,15,5.96,114.52,0,0,55,34,102,78,14,12.56,8.31,3/22,30,5,0,curated
PLY0242,150,142,1158,26,8.16,126.49,0,1,153,107,150,136,31,14.76,9.23,5/32,62,10,0,curated
PLY0243,59,43,171,8,3.99,103.74,0,0,14,8,59,37,5,10.59,7.49,2/13,11,1,0,curated
PLY0244,49,34,120,6,3.53,101.26,0,0,9,5,49,30,3,10.13,7.3,2/11,7,1,0,curated
PLY0245,96,78,442,14,5.67,112.93,0,0,46,29,96,72,14,11.8,7.19,3/20,26,4,0,curated
PLY0246,88,70,373,12,5.33,111.09,0,0,38,23,88,64,12,11.53,7.05,3/19,22,3,0,curated
PLY0247,116,100,659,18,6.6,117.98,0,1,76,50,116,93,20,12.54,7.58,4/24,38,6,0,curated
PLY0248,146,136,1084,25,7.97,125.48,0,1,141,98,146,130,33,13.64,8.15,5/31,59,10,0,curated
PLY0249,124,109,757,20,6.95,119.89,0,1,90,60,124,103,23,12.82,7.73,4/26,43,7,0,curated
PLY0250,82,64,322,11,5.04,109.47,0,0,31,18,82,58,10,11.29,6.93,3/17,20,3,0,curated
PLY0251,53,38,486,24,12.79,70.05,0,0,41,21,0,0,0,0,0,0/0,9,1,0,curated
PLY0252,90,72,1114,37,15.48,75.1,0,1,114,70,0,0,0,0,0,0/0,23,3,0,curated
PLY0253,61,45,602,27,13.39,71.16,0,0,53,29,0,0,0,0,0,0/0,11,1,0,curated
PLY0254,62,46,618,27,13.45,71.29,0,0,55,30,0,0,0,0,0,0/0,12,1,0,curated
PLY0255,155,148,2993,68,20.22,83.98,1,4,405,285,0,0,0,0,0,0/0,66,11,0,curated
PLY0256,156,149,3021,68,20.28,84.08,1,4,410,289,0,0,0,0,0,0/0,66,11,0,curated
PLY0257,126,112,2025,53,18.08,79.97,0,3,244,163,0,0,0,0,0,0/0,44,7,7,curated
PLY0258,102,85,1390,42,16.36,76.74,0,2,151,95,0,0,0,0,0,0/0,30,5,5,curated
PLY0259,68,51,707,29,13.88,72.08,0,1,65,36,0,0,0,0,0,0/0,14,2,2,curated
PLY0260,106,89,1479,44,16.63,77.24,0,2,163,104,0,0,0,0,0,0/0,32,5,5,curated
PLY0261,116,100,1739,49,17.4,78.68,0,2,201,132,0,0,0,0,0,0/0,38,6,6,curated
PLY0262,101,84,1370,42,16.31,76.65,0,2,148,94,0,0,0,0,0,0/0,29,4,4,curated
PLY0263,126,112,2025,53,18.09,79.98,0,3,244,163,126,105,21,13.64,8.77,4/27,44,7,0,curated
PLY0264,139,128,2440,59,19.07,81.82,1,3,311,213,139,121,26,14.26,9.02,5/29,53,9,0,curated
PLY0265,139,127,2415,59,19.02,81.72,1,3,307,210,139,121,23,16.19,8.84,5/29,53,9,0,curated
PLY0266,66,49,671,28,13.71,71.76,0,1,61,34,66,43,6,10.9,7.62,2/14,13,2,0,curated
PLY0267,131,118,1731,44,14.68,75.95,0,2,213,144,131,111,23,13.88,8.86,4/28,48,8,0,curated
PLY0268,68,51,571,23,11.21,68.74,0,0,52,29,68,45,6,11.0,7.66,2/14,14,2,0,curated
PLY0269,102,85,507,15,5.97,114.58,0,0,55,35,102,78,14,12.57,8.32,3/22,30,5,0,curated
PLY0270,100,83,487,15,5.87,114.01,0,0,52,33,100,76,13,12.47,8.27,3/21,29,4,0,curated
PLY0271,122,107,735,19,6.88,119.51,0,1,87,58,122,100,20,13.48,8.7,4/26,42,7,0,curated
PLY0272,71,54,246,9,4.56,106.85,0,0,23,13,71,48,7,11.16,7.73,2/15,15,2,0,curated
PLY0273,88,70,373,12,5.33,111.07,0,0,38,23,88,64,10,11.93,8.05,3/19,22,3,0,curated
PLY0274,87,69,363,12,5.27,110.76,0,0,36,22,87,63,10,11.87,8.02,3/18,22,3,0,curated
PLY0275,55,39,148,7,3.81,102.8,0,0,12,6,55,34,5,10.31,6.41,2/12,9,1,0,curated
PLY0276,153,145,1199,27,8.28,127.14,0,1,161,113,153,140,37,13.88,8.28,5/32,64,11,0,curated
PLY0277,57,41,159,7,3.9,103.25,0,0,13,7,57,36,5,10.38,6.45,2/12,10,1,0,curated
PLY0278,47,33,114,6,3.48,100.98,0,0,9,4,47,28,4,10.04,6.28,2/10,7,1,0,curated
PLY0279,116,100,661,18,6.62,118.09,0,1,76,50,116,94,21,12.55,7.59,4/25,38,6,0,curated
PLY0280,63,46,192,8,4.19,104.86,0,0,17,9,63,41,6,10.61,6.57,2/14,12,1,0,curated
PLY0281,155,148,2987,67,20.19,83.91,1,4,403,284,0,0,0,0,0,0/0,65,11,0,curated
PLY0282,47,33,407,22,12.35,69.23,0,0,33,16,0,0,0,0,0,0/0,7,1,0,curated
PLY0283,82,64,952,34,14.88,73.96,0,1,94,56,0,0,0,0,0,0/0,20,3,0,curated
PLY0284,133,120,2232,56,18.61,80.95,1,3,277,188,0,0,0,0,0,0/0,49,8,0,curated
PLY0285,46,32,393,22,12.3,69.12,0,0,31,16,0,0,0,0,0,0/0,7,0,0,curated
PLY0286,131,118,2181,56,18.49,80.73,0,3,269,182,0,0,0,0,0,0/0,48,8,0,curated
PLY0287,161,156,3221,71,20.65,84.78,1,5,445,316,0,0,0,0,0,0/0,71,12,12,curated
PLY0288,94,76,1197,39,15.75,75.6,0,1,125,77,0,0,0,0,0,0/0,25,4,4,curated
PLY0289,136,124,2338,58,18.86,81.42,1,3,294,201,0,0,0,0,0,0/0,51,8,8,curated
PLY0290,61,45,602,27,13.39,71.16,0,0,53,29,0,0,0,0,0,0/0,11,1,1,curated
PLY0291,136,124,2336,58,18.84,81.39,1,3,294,200,136,118,25,14.11,8.96,5/29,51,8,0,curated
PLY0292,99,81,1306,41,16.13,76.31,0,2,140,88,99,75,13,12.42,8.25,3/21,28,4,0,curated
PLY0293,140,129,1955,47,15.16,76.95,0,3,249,171,140,123,27,14.28,9.03,5/29,54,9,0,curated
PLY0294,107,90,1505,45,16.72,77.42,0,2,167,107,107,83,13,14.47,8.39,4/23,32,5,0,curated
PLY0295,151,143,2845,65,19.9,83.37,1,4,378,265,151,137,32,14.77,9.24,5/32,62,11,0,curated
PLY0296,93,75,945,31,12.6,71.63,0,1,98,61,93,69,11,12.15,8.14,3/20,25,4,0,curated
PLY0297,90,72,1112,37,15.45,75.04,0,1,114,69,90,66,12,11.58,7.08,3/19,23,3,0,curated
PLY0298,134,121,2262,57,18.7,81.12,1,3,282,192,134,115,28,13.2,7.92,4/28,50,8,0,curated
PLY0299,60,44,584,26,13.27,70.95,0,0,51,28,60,38,6,10.49,6.51,2/13,11,1,0,curated
PLY0300,114,98,1687,48,17.22,78.36,0,2,193,126,114,91,20,12.46,7.54,4/24,37,6,0,curated
PLY0301,73,56,259,10,4.63,107.23,0,0,24,14,73,49,7,11.23,7.75,2/16,16,2,0,curated
PLY0302,69,52,232,9,4.48,106.43,0,0,21,12,69,46,6,11.08,7.69,2/15,14,2,0,curated
PLY0303,71,58,242,10,4.18,113.36,0,0,25,16,71,53,9,8.98,8.22,3/21,20,3,0,curated
PLY0304,98,89,482,16,5.42,122.67,0,0,60,41,98,84,18,10.22,8.94,5/28,36,6,0,curated
PLY0305,96,86,457,16,5.32,121.9,0,0,56,38,96,82,17,10.12,8.88,4/28,35,6,0,curated
PLY0306,91,81,414,15,5.12,120.38,0,0,49,33,91,76,15,9.92,8.76,4/26,32,5,0,curated
PLY0307,115,111,687,21,6.19,128.43,0,0,94,66,115,107,26,10.99,9.38,5/33,49,8,0,curated
PLY0308,64,51,197,9,3.87,111.02,0,0,20,12,64,46,7,8.67,8.04,3/19,16,2,0,curated
PLY0309,80,68,313,12,4.61,116.55,0,0,35,22,80,63,12,9.41,8.47,4/23,25,4,0,curated
PLY0310,105,98,564,18,5.76,125.17,0,0,73,50,105,93,21,10.56,9.13,5/30,42,7,0,curated
PLY0311,87,69,1050,36,15.23,74.62,0,1,106,64,0,0,0,0,0,0/0,22,3,0,curated
PLY0312,160,155,3185,70,20.55,84.59,1,5,438,310,0,0,0,0,0,0/0,70,12,0,curated
PLY0313,67,50,688,29,13.77,71.89,0,1,62,35,0,0,0,0,0,0/0,13,2,0,curated
PLY0314,69,52,726,30,13.96,72.24,0,1,67,38,0,0,0,0,0,0/0,14,2,0,curated
PLY0315,137,125,2360,58,18.88,81.47,1,3,297,203,0,0,0,0,0,0/0,52,9,0,curated
PLY0316,140,129,2464,60,19.1,81.88,1,3,314,216,0,0,0,0,0,0/0,54,9,0,curated
PLY0317,49,34,425,23,12.51,69.52,0,0,35,18,0,0,0,0,0,0/0,8,1,1,curated
PLY0318,129,115,2107,55,18.32,80.42,0,3,257,173,129,109,20,15.67,8.7,4/27,46,8,0,curated
PLY0319,126,112,2024,53,18.08,79.96,0,3,244,163,126,105,21,13.64,8.76,4/26,44,7,0,curated
PLY0320,122,107,1520,41,14.21,74.97,0,2,181,120,122,101,20,13.49,8.7,4/26,42,7,0,curated
PLY0321,123,108,1538,41,14.24,75.05,0,2,183,122,123,102,20,13.52,8.71,4/26,42,7,0,curated
PLY0322,47,33,332,18,10.08,66.37,0,0,27,13,47,28,3,10.05,7.26,2/10,7,1,0,curated
PLY0323,106,89,1185,35,13.32,73.13,0,1,131,84,106,82,15,12.75,8.39,4/22,32,5,0,curated
PLY0324,119,104,1458,40,14.02,74.59,0,2,171,112,119,97,19,13.34,8.64,4/25,40,6,0,curated
PLY0325,60,44,585,27,13.31,71.03,0,0,51,28,60,38,6,10.51,6.52,2/13,11,1,0,curated
PLY0326,78,66,803,32,12.17,56.33,0,0,89,57,78,61,13,8.89,7.41,4/23,24,4,0,curated
PLY0327,72,59,251,11,4.26,113.96,0,0,27,17,72,54,9,9.06,8.27,3/21,20,3,0,curated
PLY0328,87,76,373,14,4.92,118.9,0,0,43,29,87,71,14,9.72,8.65,4/25,29,5,0,curated
PLY0329,82,70,329,13,4.71,117.34,0,0,37,24,82,65,12,9.51,8.53,4/24,26,4,0,curated
PLY0330,64,51,197,9,3.88,111.07,0,0,20,12,64,46,7,8.68,8.05,3/19,16,2,0,curated
PLY0331,117,113,711,21,6.3,129.26,0,0,98,70,117,110,27,11.1,9.44,5/34,51,9,0,curated
PLY0332,105,98,562,18,5.74,125.04,0,0,73,50,105,93,21,10.54,9.12,5/30,42,7,0,curated
PLY0333,66,53,209,9,3.95,111.63,0,0,21,13,66,48,8,8.75,8.09,3/19,17,2,0,curated
PLY0334,66,53,211,9,3.99,111.91,0,0,21,13,66,48,8,8.79,8.11,3/19,17,2,0,curated
PLY0335,85,74,358,13,4.85,118.37,0,0,41,27,85,69,15,9.16,7.61,4/25,28,4,0,curated
PLY0336,90,79,398,14,5.04,119.78,0,0,47,31,90,74,17,9.31,7.72,4/26,31,5,0,curated
PLY0337,64,51,198,9,3.89,111.21,0,0,20,12,64,46,8,8.4,7.06,3/19,16,2,0,curated
PLY0338,58,45,161,8,3.6,109.0,0,0,15,9,58,40,7,8.16,6.89,3/17,13,2,0,curated
PLY0339,99,90,493,17,5.48,123.14,0,0,62,42,99,86,21,9.67,7.97,5/29,37,6,0,curated
PLY0340,41,29,81,5,2.82,103.14,0,0,6,3,41,26,4,7.54,6.44,2/12,7,1,0,curated
PLY0341,133,120,2232,56,18.61,80.95,1,3,277,188,0,0,0,0,0,0/0,49,8,0,curated
PLY0342,52,37,469,24,12.69,69.86,0,0,39,20,0,0,0,0,0,0/0,8,1,0,curated
PLY0343,72,55,778,31,14.16,72.62,0,1,73,42,0,0,0,0,0,0/0,15,2,0,curated
PLY0344,130,117,2152,55,18.4,80.56,0,3,264,178,0,0,0,0,0,0/0,47,8,0,curated
PLY0345,76,63,758,32,12.04,56.07,0,0,83,53,0,0,0,0,0,0/0,22,3,0,curated
PLY0346,117,113,1699,51,15.04,61.7,0,1,235,167,0,0,0,0,0,0/0,51,9,0,curated
PLY0347,47,35,346,20,9.89,52.05,0,0,31,17,0,0,0,0,0,0/0,9,1,0,curated
PLY0348,66,53,599,27,11.3,54.69,0,0,61,38,0,0,0,0,0,0/0,17,2,0,curated
PLY0349,45,33,323,20,9.8,51.88,0,0,28,15,0,0,0,0,0,0/0,8,1,0,curated
PLY0350,62,49,539,26,11.01,54.14,0,0,54,32,0,0,0,0,0,0/0,15,2,0,curated
PLY0351,44,32,252,16,7.88,49.42,0,0,22,12,44,28,3,7.77,7.53,2/13,8,1,0,curated
PLY0352,50,37,304,17,8.23,50.14,0,0,28,16,50,33,4,8.05,7.69,2/15,10,1,0,curated
PLY0353,44,32,252,16,7.89,49.44,0,0,22,12,44,28,3,7.78,7.53,2/13,8,1,0,curated
PLY0354,84,72,725,28,10.07,53.98,0,0,84,55,84,67,13,9.59,8.58,4/24,27,4,0,curated
PLY0355,84,72,723,28,10.05,53.93,0,0,83,54,84,67,13,9.57,8.56,4/24,27,4,0,curated
PLY0356,117,113,1341,40,11.87,57.73,0,1,185,131,117,110,27,11.09,9.44,5/34,51,9,0,curated
PLY0357,87,76,778,29,10.25,54.34,0,0,91,60,87,71,14,9.74,8.66,4/25,29,5,0,curated
PLY0358,108,101,1146,37,11.35,56.65,0,1,151,105,108,97,22,10.66,9.19,5/31,44,7,0,curated
PLY0359,109,103,1177,37,11.43,56.81,0,1,156,109,109,99,23,10.72,9.23,5/32,45,7,0,curated
PLY0360,115,110,1290,39,11.73,57.45,0,1,176,124,115,107,29,10.22,8.37,5/33,49,8,0,curated
PLY0361,61,48,178,8,3.73,109.96,0,0,17,10,61,43,7,8.53,7.96,3/18,15,2,0,curated
PLY0362,76,63,278,11,4.42,115.17,0,0,30,19,76,59,10,9.22,8.36,4/22,22,3,0,curated
PLY0363,106,99,573,18,5.8,125.48,0,0,75,52,106,95,21,10.6,9.15,5/31,42,7,0,curated
PLY0364,91,80,408,15,5.11,120.3,0,0,49,32,91,76,15,9.91,8.76,4/26,32,5,0,curated
PLY0365,72,59,251,11,4.26,113.97,0,0,27,17,72,54,9,9.06,8.27,3/21,20,3,0,curated
PLY0366,105,98,564,18,5.76,125.2,0,0,73,50,105,93,21,10.56,9.13,5/30,42,7,0,curated
PLY0367,112,106,640,20,6.04,127.29,0,0,86,60,112,102,24,10.84,9.29,5/32,47,8,0,curated
PLY0368,99,90,492,16,5.47,123.03,0,0,62,42,99,86,18,10.27,8.97,5/29,37,6,0,curated
PLY0369,50,38,123,7,3.26,106.43,0,0,11,6,50,33,4,8.06,7.69,2/15,10,1,0,curated
PLY0370,111,105,630,20,6.01,127.05,0,0,84,59,111,101,23,10.81,9.27,5/32,46,8,0,curated
PLY0371,48,36,358,21,9.97,52.19,0,0,32,18,0,0,0,0,0,0/0,9,1,0,curated
PLY0372,74,61,724,31,11.88,55.78,0,0,78,49,0,0,0,0,0,0/0,21,3,0,curated
PLY0373,109,103,1488,47,14.45,60.6,0,1,197,138,0,0,0,0,0,0/0,45,7,0,curated
PLY0374,89,78,1014,37,13.0,57.88,0,1,121,80,0,0,0,0,0,0/0,30,5,0,curated
PLY0375,58,45,482,24,10.73,53.62,0,0,47,27,0,0,0,0,0,0/0,13,2,0,curated
PLY0376,102,94,1305,43,13.89,59.55,0,1,166,114,0,0,0,0,0,0/0,39,6,0,curated
PLY0377,77,65,788,32,12.14,56.26,0,0,87,56,0,0,0,0,0,0/0,23,3,0,curated
PLY0378,38,27,250,17,9.29,50.92,0,0,21,11,0,0,0,0,0,0/0,6,0,0,curated
PLY0379,116,112,1671,51,14.93,61.49,0,1,229,162,0,0,0,0,0,0/0,50,8,0,curated
PLY0380,59,46,495,25,10.77,53.7,0,0,48,28,0,0,0,0,0,0/0,14,2,0,curated
PLY0381,58,45,387,19,8.62,50.96,0,0,37,22,58,40,7,8.15,6.88,3/17,13,2,0,curated
PLY0382,65,52,470,22,9.04,51.84,0,0,48,29,65,47,9,8.43,7.08,3/19,17,2,0,curated
PLY0383,95,85,904,32,10.65,55.18,0,1,111,75,95,80,19,9.5,7.85,4/27,34,5,0,curated
PLY0384,98,89,964,33,10.84,55.58,0,1,120,82,98,84,20,9.63,7.94,5/28,36,6,0,curated
PLY0385,55,42,357,19,8.51,50.72,0,0,34,20,55,38,6,8.07,6.83,3/16,12,1,0,curated
PLY0386,102,94,1038,34,11.05,56.02,0,1,132,91,102,89,19,10.41,9.04,5/30,39,6,0,curated
PLY0387,51,38,314,17,8.26,50.22,0,0,29,16,51,34,5,8.09,7.71,2/15,11,1,0,curated
PLY0388,70,57,529,23,9.29,52.36,0,0,56,34,70,52,9,8.94,8.2,3/20,19,3,0,curated
PLY0389,112,107,1242,39,11.61,57.19,0,1,167,118,112,103,24,10.87,9.31,5/32,47,8,0,curated
PLY0390,113,108,1260,39,11.67,57.32,0,1,171,120,113,104,25,10.93,9.34,5/33,48,8,0,curated
PLY0391,110,104,620,19,5.97,126.78,0,0,82,58,110,100,23,10.77,9.25,5/32,45,8,0,curated
PLY0392,66,53,209,9,3.95,111.61,0,0,21,13,66,48,8,8.75,8.09,3/19,17,2,0,curated
PLY0393,73,60,257,11,4.3,114.22,0,0,27,17,73,55,9,9.1,8.29,3/21,21,3,0,curated
PLY0394,82,70,328,13,4.69,117.21,0,0,37,24,82,65,12,9.49,8.52,4/24,26,4,0,curated
PLY0395,67,54,216,9,4.0,112.03,0,0,22,13,67,49,8,8.8,8.12,3/20,18,2,0,curated
PLY0396,65,52,204,9,3.93,111.5,0,0,21,12,65,47,7,8.73,8.08,3/19,17,2,0,curated
PLY0397,49,36,114,6,3.18,105.86,0,0,10,5,49,32,4,7.98,7.65,2/14,10,1,0,curated
PLY0398,76,63,277,11,4.41,115.04,0,0,30,19,76,58,10,9.21,8.35,4/22,22,3,0,curated
PLY0399,110,104,622,19,5.99,126.91,0,0,83,58,110,100,23,10.79,9.26,5/32,46,8,0,curated
PLY0400,65,52,204,9,3.94,111.53,0,0,21,12,65,47,7,8.74,8.08,3/19,17,2,0,curated
PLY0401,81,69,856,34,12.42,56.78,0,0,97,63,0,0,0,0,0,0/0,25,4,0,curated
PLY0402,100,91,1254,43,13.78,59.34,0,1,158,108,0,0,0,0,0,0/0,38,6,0,curated
PLY0403,47,35,347,20,9.92,52.09,0,0,31,17,0,0,0,0,0,0/0,9,1,0,curated
PLY0404,110,104,1505,47,14.48,60.65,0,1,200,140,0,0,0,0,0,0/0,45,8,0,curated
PLY0405,98,89,1216,42,13.67,59.13,0,1,152,104,0,0,0,0,0,0/0,37,6,0,curated
PLY0406,102,94,1309,44,13.93,59.62,0,1,167,115,0,0,0,0,0,0/0,39,6,0,curated
PLY0407,119,116,1754,52,15.13,61.87,0,2,244,174,0,0,0,0,0,0/0,53,9,0,curated
PLY0408,73,60,709,30,11.83,55.68,0,0,76,48,0,0,0,0,0,0/0,21,3,0,curated
PLY0409,88,77,991,37,12.87,57.64,0,1,117,77,0,0,0,0,0,0/0,30,5,0,curated
PLY0410,84,72,909,35,12.63,57.19,0,1,105,69,0,0,0,0,0,0/0,27,4,0,curated
PLY0411,51,38,387,22,10.21,52.64,0,0,36,20,0,0,0,0,0,0/0,11,1,0,curated
PLY0412,105,98,1388,45,14.17,60.07,0,1,180,125,0,0,0,0,0,0/0,42,7,0,curated
PLY0413,82,70,872,34,12.47,56.87,0,0,99,64,0,0,0,0,0,0/0,26,4,0,curated
PLY0414,106,99,1407,46,14.21,60.15,0,1,183,127,0,0,0,0,0,0/0,42,7,0,curated
PLY0415,74,61,727,31,11.92,55.86,0,0,79,50,0,0,0,0,0,0/0,21,3,0,curated
PLY0416,109,103,1489,47,14.46,60.62,0,1,198,138,0,0,0,0,0,0/0,45,7,0,curated
PLY0417,93,83,1099,39,13.24,58.33,0,1,133,89,0,0,0,0,0,0/0,33,5,0,curated
PLY0418,74,61,724,31,11.87,55.76,0,0,78,49,0,0,0,0,0,0/0,21,3,0,curated
PLY0419,66,53,598,27,11.29,54.66,0,0,61,37,0,0,0,0,0,0/0,17,2,0,curated
PLY0420,93,83,1102,39,13.28,58.4,0,1,134,90,0,0,0,0,0,0/0,33,5,0,curated
PLY0421,79,67,821,33,12.26,56.49,0,0,92,59,0,0,0,0,0,0/0,24,4,0,curated
PLY0422,40,29,273,18,9.44,51.2,0,0,23,12,0,0,0,0,0,0/0,7,1,0,curated
PLY0423,45,33,321,20,9.76,51.8,0,0,28,15,0,0,0,0,0,0/0,8,1,0,curated
PLY0424,81,69,856,34,12.41,56.77,0,0,97,63,0,0,0,0,0,0/0,25,4,0,curated
PLY0425,55,42,442,23,10.53,53.24,0,0,42,24,0,0,0,0,0,0/0,12,1,0,curated
PLY0426,89,78,1013,37,13.0,57.87,0,1,120,80,0,0,0,0,0,0/0,30,5,0,curated
PLY0427,65,52,582,27,11.2,54.5,0,0,59,36,0,0,0,0,0,0/0,17,2,0,curated
PLY0428,59,46,497,25,10.82,53.79,0,0,49,29,0,0,0,0,0,0/0,14,2,0,curated
PLY0429,112,107,1570,49,14.68,61.02,0,1,212,149,0,0,0,0,0,0/0,47,8,0,curated
PLY0430,70,57,659,29,11.58,55.21,0,0,69,43,0,0,0,0,0,0/0,19,3,0,curated
PLY0431,118,114,1716,52,15.06,61.73,0,1,237,169,0,0,0,0,0,0/0,52,9,0,curated
PLY0432,41,29,275,18,9.52,51.34,0,0,23,12,0,0,0,0,0,0/0,7,1,0,curated
PLY0433,110,104,1511,48,14.53,60.75,0,1,202,141,0,0,0,0,0,0/0,46,8,0,curated
PLY0434,108,101,1447,46,14.33,60.38,0,1,190,132,0,0,0,0,0,0/0,44,7,0,curated
PLY0435,110,104,1511,48,14.54,60.76,0,1,202,141,0,0,0,0,0,0/0,46,8,0,curated
PLY0436,53,40,414,22,10.37,52.94,0,0,39,22,0,0,0,0,0,0/0,11,1,0,curated
PLY0437,50,37,375,21,10.15,52.54,0,0,34,19,0,0,0,0,0,0/0,10,1,0,curated
PLY0438,105,97,1369,45,14.12,59.98,0,1,177,123,0,0,0,0,0,0/0,41,7,0,curated
PLY0439,98,89,1215,42,13.66,59.11,0,1,152,103,0,0,0,0,0,0/0,37,6,0,curated
PLY0440,44,32,310,19,9.71,51.71,0,0,27,15,0,0,0,0,0,0/0,8,1,0,curated
PLY0441,42,30,287,19,9.58,51.47,0,0,25,13,0,0,0,0,0,0/0,7,1,0,curated
PLY0442,116,112,1676,51,14.97,61.57,0,1,231,163,0,0,0,0,0,0/0,50,9,0,curated
PLY0443,100,91,1253,42,13.77,59.32,0,1,158,108,0,0,0,0,0,0/0,38,6,0,curated
PLY0444,46,34,335,20,9.87,52.0,0,0,30,16,0,0,0,0,0,0/0,9,1,0,curated
